[

	{
		"name":"Philippines",
		"leaderName":"Jose Rizal",
		"adjective":["Filipino"],
		"startBias":["Coast","Hill","Avoid Tundra","Avoid Desert"],
		"preferredVictoryType":"Cultural",
		
		"startIntroPart1": "Oh ye who remakes the world, your loyal subjects greet you, King Pachacuti Sapa Inca, ruler of Tawantinsuyu and the Inca people! From the beginnings in the small state of Cusco, the Incans displayed their potential for greatness, marching to war against their many enemies, crushing their armies into dust and carving for themselves a mighty empire stretching from Ecuador to Chile. Indeed, they build the greatest empire ever seen in all pre-Columbian Americas. More than mere soldiers, your people were great builders and artists as well, and the remnants of their works still awe and inspire the world today.",
		"startIntroPart2": "Oh King Pachacuti, truly are you called 'Earth Shaker'! Will you once again call upon the ground itself to a fight at your side? Your armies await your signal. Will you restore the glory of your empire? Can you build a civilization that will stand the test of time?",
		
		"declaringWar":"My proud citizens have been born to live and die for this country, are yours?",
		"attacked":"If you so choose the sword rather than the pen, then so be it...",
		"defeated":"I stand here now, ready to die for my country, what other destiny awaits me than this?",
		"introduction":"Greetings, you have laid your eyes on the pearl of Asia, the Philippines.",
		
		"neutralHello":"Greetings under the sun.",
		"neutralLetsHearIt":["Go on.","What do you say?","Go ahead."],
		"neutralNo":["I must kindly refuse.","Such offer is too disadvantageous.","I refuse."],
		"neutralYes":["Very good.","Of course, yes.","You lay agreeable terms."],

		"hateHello":"And to who do I owe this visit from the devil?",
		"hateLetsHearIt":["Torture my ears.","What do you bring to us now other than malice?","Go on."],
		"hateNo":["Absolutely not!","A deal no less agreeable than one made by the devil.","Is it the tropical heat? Have you gone mad?"],
		"hateYes":["This will do.","Atleast your pragmatics exceed your dullness.","I'll see into it."],
		
		"afterPeace":"We now see dawn shine over our lands, don't forget those who fell in the night...",
		"tradeRequest":"On behalf of the fair Philippines, I offer this deal...",
				
		"outerColor":[236, 178, 0],
		"innerColor":[255, 255, 255],
		"uniqueName":"Pearl of Asia",
		"unique":"FATHER_GOVERNS_CHILDREN",
		"cities":["Manila","Quezon","Davao","Caloocan","Cebu","Zamboanga","Pasig","Taguig","Antipolo",
			"Cagayan de Oro","Paranaque","Dasmarinas","Bacoor","Valenzuela","General Santos","Pas Pinas","Makati","San Jose del Monte","Bacolod",
			"Muntinlupa","Pasay","Panay","Lapu-Lapu","Imus","Mandaluyong","Malabon","Tarlac","Butuan","Lipa",
			"Batangas","San Fernando","Ormoc","","Marawi","Tanauan"]
	}
]
